{
    "camera_name": "Zed2i",
    "depth_scale": 0.001,
    "left_color_fx_fy": [
        535.4000854492188,
        535.4000854492188
    ],
    "left_color_ppx_ppy": [
        654.8773803710938,
        369.48712158203125
    ],
    "right_color_fx_fy": [
        535.4000854492188,
        535.4000854492188
    ],
    "right_color_ppx_ppy": [
        654.8773803710938,
        369.48712158203125
    ],
    "depth_to_color_trans": [
        119.96812438964844,
        0,
        0
    ],
    "depth_to_color_rot": [
        [
            1.0,
            0.0,
            0.0
        ],
        [
            0.0,
            1.0,
            0.0
        ],
        [
            0.0,
            0.0,
            1.0
        ]
    ],
    "dist_coeffs_color": [
        0.0,
        0.0,
        0.0,
        0.0,
        0.0,
        0.0,
        0.0,
        0.0,
        0.0,
        0.0,
        0.0,
        0.0
    ],
    "size_color": [
        640,
        360
    ],
    "size_depth": [
        640,
        360
    ],
    "color_rate": 30.0,
    "depth_rate": 30.0
}
